drug_a_rxcui,drug_a_name,drug_b_rxcui,drug_b_name,severity,description,source,severity_clean,severity_color,pair_id
11289,Warfarin,1191,Aspirin,High,"Concurrent use significantly increases bleeding risk. Both inhibit platelet function through different mechanisms. Monitor for signs of bleeding (bruising, hematoma, blood in stool/urine). Consider gastroprotection with PPI.",Curated Clinical References,High,#E74C3C,Aspirin_Warfarin
11289,Warfarin,5640,Ibuprofen,High,"NSAIDs increase bleeding risk 2-3 fold when combined with warfarin. Ibuprofen inhibits platelet COX-1, impairing aggregation. Monitor INR closely; may need warfarin dose reduction.",Curated Clinical References,High,#E74C3C,Ibuprofen_Warfarin
11289,Warfarin,7258,Naproxen,High,Naproxen prolongs bleeding time and may displace warfarin from protein binding sites. Risk of major hemorrhage. Monitor INR every 3-7 days after NSAID initiation.,Curated Clinical References,High,#E74C3C,Naproxen_Warfarin
11289,Warfarin,6960,Meloxicam,High,COX-2 selective NSAIDs still increase bleeding risk with anticoagulants. Less GI toxicity than non-selective NSAIDs but bleeding risk remains. Monitor closely.,Curated Clinical References,High,#E74C3C,Meloxicam_Warfarin
11289,Warfarin,3355,Diclofenac,High,Diclofenac increases warfarin effect via pharmacodynamic interaction. Risk of serious bleeding events. Use lowest effective NSAID dose for shortest duration.,Curated Clinical References,High,#E74C3C,Diclofenac_Warfarin
1364430,Apixaban,1191,Aspirin,High,Direct oral anticoagulant (DOAC) plus antiplatelet increases major bleeding risk 1.5-2 fold. Often used together post-ACS but requires careful risk-benefit assessment.,Curated Clinical References,High,#E74C3C,Apixaban_Aspirin
1364430,Apixaban,5640,Ibuprofen,High,NSAID use with DOAC increases bleeding risk without providing additional thrombotic protection. Avoid concurrent use when possible; use acetaminophen for pain.,Curated Clinical References,High,#E74C3C,Apixaban_Ibuprofen
1364430,Apixaban,7258,Naproxen,High,"Combined antiplatelet effect significantly increases hemorrhage risk. If NSAID necessary, use lowest dose for shortest time and counsel patient on bleeding signs.",Curated Clinical References,High,#E74C3C,Apixaban_Naproxen
1114195,Rivaroxaban,1191,Aspirin,High,"Aspirin plus rivaroxaban acceptable only when clear indication exists (e.g., post-PCI). Increases bleeding without reducing stroke risk in atrial fibrillation alone.",Curated Clinical References,High,#E74C3C,Aspirin_Rivaroxaban
1114195,Rivaroxaban,5640,Ibuprofen,High,NSAID use contraindicated with rivaroxaban unless benefits clearly outweigh bleeding risks. Consider alternatives like acetaminophen or topical NSAIDs.,Curated Clinical References,High,#E74C3C,Ibuprofen_Rivaroxaban
1114195,Rivaroxaban,7258,Naproxen,High,"Naproxen has long half-life (12-17 hours), providing prolonged antiplatelet effect. This increases bleeding risk when combined with DOAC. Avoid combination.",Curated Clinical References,High,#E74C3C,Naproxen_Rivaroxaban
32968,Clopidogrel,1191,Aspirin,Medium,Dual antiplatelet therapy (DAPT) standard post-stent but increases bleeding 2-3 fold. Duration depends on stent type and bleeding risk. Monitor closely.,Curated Clinical References,Medium,#F39C12,Aspirin_Clopidogrel
1364430,Apixaban,32968,Clopidogrel,High,Triple therapy (DOAC + dual antiplatelet) reserved for specific situations (recent PCI + atrial fib). Very high bleeding risk. Shorten DAPT duration when possible.,Curated Clinical References,High,#E74C3C,Apixaban_Clopidogrel
1114195,Rivaroxaban,32968,Clopidogrel,High,Similar to apixaban + clopidogrel. Major bleeding rate 2-3% annually. Use only when benefits outweigh risks. Consider PPI for gastroprotection.,Curated Clinical References,High,#E74C3C,Clopidogrel_Rivaroxaban
11289,Warfarin,18631,Azithromycin,Medium,Macrolides may potentiate warfarin via unknown mechanism. Monitor INR within 3-5 days of starting azithromycin. Expect potential 20-30% INR increase. Consider prophylactic warfarin dose reduction of 10-20%.,Curated Clinical References,Medium,#F39C12,Azithromycin_Warfarin
11289,Warfarin,2551,Ciprofloxacin,High,Fluoroquinolones significantly increase warfarin levels via CYP1A2 and CYP3A4 inhibition. INR may increase 50-100%. Reduce warfarin dose 25-50% empirically. Check INR every 2-3 days during therapy.,Curated Clinical References,High,#E74C3C,Ciprofloxacin_Warfarin
11289,Warfarin,82122,Levofloxacin,High,"Similar to ciprofloxacin. Levofloxacin inhibits warfarin metabolism, increasing bleeding risk. Reduce warfarin dose proactively. Multiple case reports of serious bleeding events.",Curated Clinical References,High,#E74C3C,Levofloxacin_Warfarin
11289,Warfarin,6922,Metronidazole,High,Potent CYP2C9 inhibition causes 30-50% increase in warfarin levels. One of the strongest warfarin interactions. Reduce dose 30-40% when starting metronidazole. Check INR frequently (every 2-3 days).,Curated Clinical References,High,#E74C3C,Metronidazole_Warfarin
11289,Warfarin,10831,Trimethoprim-Sulfamethoxazole,High,Stereoselective inhibition of S-warfarin metabolism (more potent enantiomer). Can cause dramatic INR increases (>10 reported). High bleeding risk. Consider alternative antibiotic if possible.,Curated Clinical References,High,#E74C3C,Trimethoprim-Sulfamethoxazole_Warfarin
11289,Warfarin,2582,Clindamycin,Low,Limited interaction data. Theoretically may alter gut flora affecting vitamin K production. Monitor INR but significant changes uncommon. Generally safe combination.,Curated Clinical References,Low,#27AE60,Clindamycin_Warfarin
11289,Warfarin,723,Amoxicillin,Low,Beta-lactams have minimal direct interaction with warfarin. May reduce vitamin K producing gut bacteria with prolonged use. Monitor INR if therapy >7-10 days.,Curated Clinical References,Low,#27AE60,Amoxicillin_Warfarin
11289,Warfarin,3640,Doxycycline,Medium,Tetracyclines may enhance warfarin effect through unclear mechanism. Monitor INR but interaction less pronounced than with fluoroquinolones or metronidazole.,Curated Clinical References,Medium,#F39C12,Doxycycline_Warfarin
11289,Warfarin,2231,Cephalexin,Low,First-generation cephalosporins have minimal warfarin interaction. Routine INR monitoring sufficient. Generally safe combination.,Curated Clinical References,Low,#27AE60,Cephalexin_Warfarin
11289,Warfarin,7517,Nitrofurantoin,Low,Minimal interaction reported. Safe for UTI treatment in patients on warfarin. Standard INR monitoring adequate.,Curated Clinical References,Low,#27AE60,Nitrofurantoin_Warfarin
36437,Sertraline,10689,Tramadol,High,"Both increase serotonin. Risk of serotonin syndrome (SS): agitation, confusion, tachycardia, hypertension, hyperthermia, hyperreflexia, myoclonus. SS can be fatal. Avoid combination; use non-serotonergic analgesic.",Curated Clinical References,High,#E74C3C,Sertraline_Tramadol
321988,Escitalopram,10689,Tramadol,High,"Escitalopram is potent SSRI; tramadol inhibits serotonin/norepinephrine reuptake. High SS risk especially with tramadol doses >200mg/day. Consider alternatives: acetaminophen, NSAIDs, or opioids without serotonergic activity.",Curated Clinical References,High,#E74C3C,Escitalopram_Tramadol
4493,Fluoxetine,10689,Tramadol,High,"Fluoxetine has long half-life (4-6 days) and active metabolite (7-9 days). Combined with tramadol, creates prolonged SS risk. Also increases seizure risk via lowered seizure threshold. Strongly avoid combination.",Curated Clinical References,High,#E74C3C,Fluoxetine_Tramadol
2556,Citalopram,10689,Tramadol,High,"Similar mechanism to other SSRIs. SS onset can be within hours or take several days. Early symptoms: restlessness, diarrhea, tremor. Severe: rigidity, seizures, autonomic instability. Educate patients on symptoms.",Curated Clinical References,High,#E74C3C,Citalopram_Tramadol
32937,Paroxetine,10689,Tramadol,High,"Paroxetine is potent CYP2D6 inhibitor, reducing tramadol metabolism to active metabolite (M1). Creates dual risk: SS from serotonin excess, plus reduced analgesia. Avoid combination.",Curated Clinical References,High,#E74C3C,Paroxetine_Tramadol
72625,Duloxetine,10689,Tramadol,High,"SNRI (affects both serotonin and norepinephrine) plus tramadol creates very high SS risk. Duloxetine also used for pain, making tramadol potentially unnecessary. Consider if adequate pain control with duloxetine alone.",Curated Clinical References,High,#E74C3C,Duloxetine_Tramadol
39786,Venlafaxine,10689,Tramadol,High,"Venlafaxine at doses >150mg/day has significant serotonergic effect. Combined with tramadol, substantially increases SS risk. Monitor closely if combination unavoidable; use lowest tramadol dose.",Curated Clinical References,High,#E74C3C,Tramadol_Venlafaxine
36437,Sertraline,10737,Trazodone,Medium,Trazodone used for insomnia in depression patients on SSRIs. Low-dose trazodone (25-100mg) generally safe but monitor for SS symptoms. Higher trazodone doses increase risk.,Curated Clinical References,Medium,#F39C12,Sertraline_Trazodone
4493,Fluoxetine,42347,Bupropion,Medium,"Not traditional serotonin syndrome but fluoxetine inhibits bupropion metabolism via CYP2D6, increasing seizure risk. Monitor for agitation, insomnia. Generally safe combination but requires monitoring.",Curated Clinical References,Medium,#F39C12,Bupropion_Fluoxetine
596,Alprazolam,10689,Tramadol,High,"FDA BLACK BOX WARNING: Benzodiazepine-opioid combination increases risk of profound sedation, respiratory depression, coma, death. Over 30% of opioid overdose deaths involve benzodiazepines. Avoid combination; if necessary, use lowest doses and close monitoring.",Curated Clinical References,High,#E74C3C,Alprazolam_Tramadol
6470,Lorazepam,10689,Tramadol,High,"Additive CNS and respiratory depression. Elderly especially vulnerable. If combination unavoidable: start low doses (e.g., lorazepam 0.5mg, tramadol 25mg), titrate slowly, educate patient/family on overdose signs.",Curated Clinical References,High,#E74C3C,Lorazepam_Tramadol
3322,Diazepam,10689,Tramadol,High,"Diazepam has long half-life (20-100 hours) and active metabolites, creating prolonged interaction risk. Additive sedation and respiratory depression. Strongly avoid; consider non-benzodiazepine alternatives for anxiety/sleep.",Curated Clinical References,High,#E74C3C,Diazepam_Tramadol
2598,Clonazepam,10689,Tramadol,High,"Similar risks to other benzodiazepines. Clonazepam often used long-term for seizures/anxiety, making interaction more clinically relevant. Discuss tapering benzodiazepine before starting opioid, or use non-opioid analgesics.",Curated Clinical References,High,#E74C3C,Clonazepam_Tramadol
596,Alprazolam,4493,Gabapentin,Medium,"Both cause CNS depression but respiratory depression risk lower than with opioids. Still increases fall risk (especially elderly), sedation, cognitive impairment. Monitor closely; consider dose reduction of one or both agents.",Curated Clinical References,Medium,#F39C12,Alprazolam_Gabapentin
6470,Lorazepam,4493,Gabapentin,Medium,"Additive dizziness, drowsiness, confusion. Falls are major concern in elderly. Start gabapentin at low dose (100-300mg/day) if patient on benzodiazepine. Consider fall risk assessment.",Curated Clinical References,Medium,#F39C12,Gabapentin_Lorazepam
3322,Diazepam,4493,Gabapentin,Medium,"Enhanced sedation and ataxia. Elderly at high risk for falls and hip fractures. If combination needed, use lowest effective doses and implement fall precautions (remove trip hazards, use assistive devices).",Curated Clinical References,Medium,#F39C12,Diazepam_Gabapentin
596,Alprazolam,187832,Pregabalin,Medium,"Similar to gabapentin interaction. Pregabalin may have stronger sedative effect than gabapentin. Monitor for excessive drowsiness, impaired coordination. Avoid driving/operating machinery until effects known.",Curated Clinical References,Medium,#F39C12,Alprazolam_Pregabalin
6470,Lorazepam,187832,Pregabalin,Medium,"Additive CNS effects. Pregabalin has abuse potential, as do benzodiazepines; combination may be sought by drug-seeking patients. Monitor for misuse signs. Consider non-addictive alternatives.",Curated Clinical References,Medium,#F39C12,Lorazepam_Pregabalin
596,Alprazolam,39993,Zolpidem,Medium,"Both are CNS depressants for sleep. Combination provides no additional benefit and significantly increases next-day sedation, fall risk, complex sleep behaviors. Use one agent, not both.",Curated Clinical References,Medium,#F39C12,Alprazolam_Zolpidem
6470,Lorazepam,39993,Zolpidem,Medium,"Redundant therapy with increased adverse effects. If patient has both anxiety and insomnia, consider using single benzodiazepine at bedtime rather than adding zolpidem. Reduces polypharmacy.",Curated Clinical References,Medium,#F39C12,Lorazepam_Zolpidem
3498,Diphenhydramine,596,Alprazolam,Medium,"First-generation antihistamine has strong anticholinergic and sedative effects. Combined with benzodiazepine, increases delirium risk in elderly (Beers Criteria - avoid this combination in ≥65 years old).",Curated Clinical References,Medium,#F39C12,Alprazolam_Diphenhydramine
3498,Diphenhydramine,6470,Lorazepam,Medium,"Additive anticholinergic effects: dry mouth, urinary retention, constipation, confusion. In elderly, can precipitate delirium or worsen dementia. Prefer non-sedating antihistamine (loratadine, cetirizine).",Curated Clinical References,Medium,#F39C12,Diphenhydramine_Lorazepam
3498,Diphenhydramine,39993,Zolpidem,Medium,"Both cause sedation and increase fall risk. Next-day ""hangover"" effect common. Avoid using OTC sleep aids (diphenhydramine) if already on prescription sleep medication.",Curated Clinical References,Medium,#F39C12,Diphenhydramine_Zolpidem
29046,Lisinopril,9997,Spironolactone,Medium,"ACE inhibitor reduces aldosterone, causing K+ retention. Spironolactone is aldosterone antagonist, also retaining K+. Combined effect can cause dangerous hyperkalemia (K+ >5.5 mEq/L). Monitor K+ within 1 week of starting, then monthly. Higher risk if: elderly, diabetic, CKD (eGFR <60).",Curated Clinical References,Medium,#F39C12,Lisinopril_Spironolactone
29046,Lisinopril,8591,Potassium Chloride,Medium,"ACE inhibitor plus K+ supplement significantly increases hyperkalemia risk. Often patients started on K+ for diuretic-induced hypokalemia, then ACE inhibitor added later. Reassess need for K+ supplement; may be able to discontinue. Monitor serum K+ closely.",Curated Clinical References,Medium,#F39C12,Lisinopril_Potassium Chloride
52175,Losartan,9997,Spironolactone,Medium,"ARB plus aldosterone antagonist: both reduce K+ excretion. Particularly problematic in heart failure patients who may be on both for proven mortality benefit. Requires very close K+ monitoring (weekly initially, then biweekly).",Curated Clinical References,Medium,#F39C12,Losartan_Spironolactone
52175,Losartan,8591,Potassium Chloride,Medium,"Similar to lisinopril + K+ interaction. ARBs increase K+ retention. Reassess need for supplementation. If patient on HCTZ or furosemide causing hypokalemia, ARB may normalize K+ without need for supplement.",Curated Clinical References,Medium,#F39C12,Losartan_Potassium Chloride
29046,Lisinopril,5640,Ibuprofen,Medium,"Triple whammy for kidneys: ACE inhibitor + NSAID + (often) diuretic. NSAIDs reduce renal blood flow, ACE inhibitors dilate efferent arteriole - combined effect impairs GFR. Can precipitate acute kidney injury (AKI) and hyperkalemia. Avoid NSAID if possible; use acetaminophen.",Curated Clinical References,Medium,#F39C12,Ibuprofen_Lisinopril
52175,Losartan,7258,Naproxen,Medium,"ARB plus NSAID impairs kidney function, reducing K+ excretion. Especially risky in elderly, volume depleted, or pre-existing CKD. If NSAID necessary, use shortest duration, monitor renal function and K+ after 3-5 days.",Curated Clinical References,Medium,#F39C12,Losartan_Naproxen
7258,Naproxen,29046,Lisinopril,Medium,"Similar to ibuprofen. Naproxen has longer half-life (12-17 hours), providing more sustained prostaglandin inhibition and BP elevation. Monitor BP weekly for first month if combination unavoidable.",Curated Clinical References,Medium,#F39C12,Lisinopril_Naproxen
5640,Ibuprofen,52175,Losartan,Medium,NSAIDs reduce ARB antihypertensive efficacy. Mechanism: decreased renal prostaglandin synthesis impairs pressure natriuresis. Clinical significance: 10-15% of patients may lose BP control. Consider ARB dose increase or NSAID alternative.,Curated Clinical References,Medium,#F39C12,Ibuprofen_Losartan
6960,Meloxicam,29046,Lisinopril,Medium,COX-2 selective NSAID still interferes with ACE inhibitor. Less GI toxicity than non-selective NSAIDs but similar BP effects. Not preferred over non-pharmacologic pain management or acetaminophen.,Curated Clinical References,Medium,#F39C12,Lisinopril_Meloxicam
5640,Ibuprofen,17767,Amlodipine,Low,"NSAIDs have minimal effect on calcium channel blocker efficacy. CCBs work via direct vasodilation, not prostaglandin-dependent. Generally safe combination; monitor BP but significant changes uncommon.",Curated Clinical References,Low,#27AE60,Amlodipine_Ibuprofen
5640,Ibuprofen,6918,Metoprolol,Low,"NSAIDs do not significantly affect beta blocker antihypertensive effect. However, NSAIDs may worsen heart failure (fluid retention), which beta blockers help treat. Monitor for edema, weight gain.",Curated Clinical References,Low,#27AE60,Ibuprofen_Metoprolol
5640,Ibuprofen,5487,Hydrochlorothiazide,Medium,"NSAIDs reduce diuretic natriuretic and antihypertensive effects. Mechanism: decreased renal prostaglandins impair response to diuretics. May cause fluid retention (2-3 kg weight gain). Monitor BP, weight, edema.",Curated Clinical References,Medium,#F39C12,Hydrochlorothiazide_Ibuprofen
7258,Naproxen,5487,Hydrochlorothiazide,Medium,Similar to ibuprofen + HCTZ. Naproxen may cause more Na+ and fluid retention due to longer half-life. Can precipitate heart failure exacerbation in susceptible patients. Monitor volume status closely.,Curated Clinical References,Medium,#F39C12,Hydrochlorothiazide_Naproxen
5640,Ibuprofen,4603,Furosemide,Medium,NSAIDs blunt loop diuretic response. Problematic in heart failure patients where diuresis critical. May require furosemide dose increase (sometimes 2-3x) to overcome NSAID effect. Avoid combination in decompensated HF.,Curated Clinical References,Medium,#F39C12,Furosemide_Ibuprofen
6960,Meloxicam,4603,Furosemide,Medium,"COX-2 selective NSAID still impairs loop diuretic efficacy. Not exempt from interaction. If pain control needed in HF patient, consider alternatives: topical NSAIDs, acetaminophen, or opioids (cautiously).",Curated Clinical References,Medium,#F39C12,Furosemide_Meloxicam
7646,Omeprazole,32968,Clopidogrel,Medium,"Omeprazole is potent CYP2C19 inhibitor. Clopidogrel is prodrug requiring CYP2C19 activation. Omeprazole reduces active metabolite formation by 40-50%, potentially decreasing antiplatelet effect. Alternative: use pantoprazole (weaker CYP2C19 inhibition) or H2 blocker (famotidine).",Curated Clinical References,Medium,#F39C12,Clopidogrel_Omeprazole
283742,Esomeprazole,32968,Clopidogrel,Medium,"S-isomer of omeprazole with similar CYP2C19 inhibition. Reduces clopidogrel effectiveness. FDA recommends avoiding this combination. If PPI necessary for GI protection, use pantoprazole or consider H2 antagonist instead.",Curated Clinical References,Medium,#F39C12,Clopidogrel_Esomeprazole
40790,Pantoprazole,32968,Clopidogrel,Low,Minimal CYP2C19 inhibition compared to omeprazole/esomeprazole. Preferred PPI for patients on clopidogrel. Some residual interaction possible but clinically insignificant in most patients. Generally considered safe combination.,Curated Clinical References,Low,#27AE60,Clopidogrel_Pantoprazole
17128,Lansoprazole,32968,Clopidogrel,Medium,"Moderate CYP2C19 inhibition. Less than omeprazole but more than pantoprazole. If patient already on lansoprazole + clopidogrel, consider switching to pantoprazole. Clinical significance debated but prudent to avoid.",Curated Clinical References,Medium,#F39C12,Clopidogrel_Lansoprazole
7646,Omeprazole,1191,Aspirin,Low,"Aspirin is not a prodrug; PPI does not reduce antiplatelet effect. PPIs recommended for GI protection in patients on aspirin, especially if dual antiplatelet therapy or high bleeding risk. Safe combination.",Curated Clinical References,Low,#27AE60,Aspirin_Omeprazole
6809,Metformin,29046,Lisinopril,Medium,"ACE inhibitors can reduce renal function, especially in bilateral renal artery stenosis or volume depletion. Impaired metformin clearance increases lactic acidosis risk. Monitor renal function (SCr, eGFR) every 3-6 months. Hold metformin if eGFR <30, reduce dose if eGFR 30-45.",Curated Clinical References,Medium,#F39C12,Lisinopril_Metformin
6809,Metformin,52175,Losartan,Medium,"Similar to ACE inhibitor interaction. ARBs reduce GFR via efferent arteriole dilation. In diabetic nephropathy, ARB benefits usually outweigh risks, but requires close renal monitoring. Adjust metformin dose based on eGFR.",Curated Clinical References,Medium,#F39C12,Losartan_Metformin
6809,Metformin,4603,Furosemide,Medium,"Loop diuretic can cause volume depletion and pre-renal azotemia, impairing metformin clearance. Lactic acidosis risk increases. Monitor: volume status, renal function, signs of lactic acidosis (nausea, vomiting, abdominal pain, hyperventilation, altered mental status). Hold metformin during acute illness with dehydration.",Curated Clinical References,Medium,#F39C12,Furosemide_Metformin
6809,Metformin,5487,Hydrochlorothiazide,Low,Thiazide diuretic usually does not significantly impair renal function at standard doses. Monitor renal function routinely but metformin dose adjustment rarely needed. Ensure adequate hydration.,Curated Clinical References,Low,#27AE60,Hydrochlorothiazide_Metformin
6918,Metoprolol,3443,Diltiazem,Medium,"Both slow AV conduction and reduce heart rate. Risk: severe bradycardia (<50 bpm), AV block, hypotension. Often used together for rate control in atrial fibrillation but requires close monitoring. Check baseline ECG, monitor HR and BP. Avoid in: sick sinus syndrome, 2nd/3rd degree AV block without pacemaker.",Curated Clinical References,Medium,#F39C12,Diltiazem_Metoprolol
6918,Metoprolol,11170,Verapamil,Medium,"Similar to diltiazem interaction. Verapamil has stronger negative inotropic effect; higher risk of heart failure exacerbation. Monitor: HR, BP, signs of HF (edema, dyspnea, weight gain). Use with caution; often one agent sufficient for rate control.",Curated Clinical References,Medium,#F39C12,Metoprolol_Verapamil
20352,Carvedilol,3443,Diltiazem,Medium,"Carvedilol is non-selective beta blocker with alpha-blocking properties, causing more hypotension than metoprolol. Combined with diltiazem: significant bradycardia and hypotension risk. Common in HF patients; requires very close monitoring. Start low, go slow with dose titration.",Curated Clinical References,Medium,#F39C12,Carvedilol_Diltiazem
20352,Carvedilol,11170,Verapamil,Medium,"High-risk combination. Both have negative inotropic effects. Can precipitate acute HF decompensation. Generally avoided. If both needed, consider: beta blocker + dihydropyridine CCB (amlodipine) instead, as dihydropyridines have minimal cardiac conduction effects.",Curated Clinical References,Medium,#F39C12,Carvedilol_Verapamil
1202,Atenolol,3443,Diltiazem,Medium,"Beta-1 selective blocker plus non-dihydropyridine CCB. Lower risk than carvedilol combinations but still requires monitoring. Additive effects on HR and conduction. Monitor ECG for PR interval prolongation, bradycardia.",Curated Clinical References,Medium,#F39C12,Atenolol_Diltiazem
1202,Atenolol,11170,Verapamil,Medium,"Similar to atenolol + diltiazem. Verapamil more potent; slightly higher interaction risk. Combination sometimes used but requires close follow-up, especially in elderly or those with baseline bradycardia.",Curated Clinical References,Medium,#F39C12,Atenolol_Verapamil
6918,Metoprolol,17767,Amlodipine,Low,Amlodipine is dihydropyridine CCB with minimal cardiac effects (pure vasodilator). No significant interaction with beta blockers. Often used together for hypertension. Safe combination; monitor BP but bradycardia risk minimal.,Curated Clinical References,Low,#27AE60,Amlodipine_Metoprolol
20352,Carvedilol,17767,Amlodipine,Low,"Safe combination commonly used in hypertension and heart failure. Amlodipine does not affect cardiac conduction. Monitor BP (can be additive), but generally well-tolerated. Preferred CCB when patient on beta blocker.",Curated Clinical References,Low,#27AE60,Amlodipine_Carvedilol
3407,Digoxin,4603,Furosemide,Medium,"Loop diuretic causes hypokalemia and hypomagnesemia, which increase myocardial sensitivity to digoxin. Electrolyte abnormalities are major cause of digoxin toxicity (nausea, vomiting, arrhythmias, visual changes). Monitor: K+ and Mg2+ monthly, maintain K+ >4.0 mEq/L. Supplement electrolytes proactively.",Curated Clinical References,Medium,#F39C12,Digoxin_Furosemide
3407,Digoxin,5487,Hydrochlorothiazide,Medium,"Thiazide-induced hypokalemia predisposes to digoxin toxicity. Chronic thiazide use often requires K+ supplementation or K+-sparing diuretic (spironolactone, amiloride). Check electrolytes every 3-6 months. Educate patient on digoxin toxicity symptoms.",Curated Clinical References,Medium,#F39C12,Digoxin_Hydrochlorothiazide
3407,Digoxin,11170,Verapamil,High,"Verapamil inhibits P-glycoprotein, reducing digoxin renal and biliary excretion. Increases digoxin levels 50-75%. Reduce digoxin dose by 50% when starting verapamil. Check digoxin level 5-7 days after verapamil initiation. Target therapeutic range: 0.5-0.9 ng/mL (lower end for atrial fib, higher for HF).",Curated Clinical References,High,#E74C3C,Digoxin_Verapamil
3407,Digoxin,3443,Diltiazem,Medium,"Similar mechanism to verapamil but weaker effect. Increases digoxin levels 20-30%. Consider empiric digoxin dose reduction of 25%. Monitor digoxin level and signs of toxicity (bradycardia, AV block, GI symptoms, confusion).",Curated Clinical References,Medium,#F39C12,Digoxin_Diltiazem
3407,Digoxin,9997,Spironolactone,Low,"Spironolactone may slightly increase digoxin levels and can interfere with digoxin immunoassay, causing falsely elevated lab results. True interaction minimal; more important is that spironolactone prevents hypokalemia (protective effect). Usually no dose adjustment needed.",Curated Clinical References,Low,#27AE60,Digoxin_Spironolactone
8640,Prednisone,5640,Ibuprofen,Medium,"Both increase gastric ulcer risk independently. Combined use increases peptic ulcer incidence 4-5 fold. Mechanism: corticosteroids thin gastric mucosa, NSAIDs inhibit protective prostaglandins. High-risk patients (age >65, H. pylori+, previous ulcer) should receive PPI prophylaxis. Consider alternatives to NSAID.",Curated Clinical References,Medium,#F39C12,Ibuprofen_Prednisone
8640,Prednisone,7258,Naproxen,Medium,"Similar to ibuprofen. Naproxen has longer half-life, providing sustained COX inhibition. GI bleeding risk higher with naproxen than shorter-acting NSAIDs. If combination necessary: use PPI (omeprazole 20mg daily), limit NSAID duration, lowest effective dose.",Curated Clinical References,Medium,#F39C12,Naproxen_Prednisone
8640,Prednisone,1191,Aspirin,Medium,"Even low-dose aspirin (81mg) increases GI risk when combined with corticosteroids. Aspirin irreversibly inhibits platelet COX, affecting hemostasis for platelet lifespan (7-10 days). If both needed (e.g., RA on prednisone + aspirin for CV protection), strongly consider PPI prophylaxis.",Curated Clinical References,Medium,#F39C12,Aspirin_Prednisone
3264,Dexamethasone,5640,Ibuprofen,Medium,"Dexamethasone is more potent than prednisone (6-7x). Higher GI toxicity potential. Avoid NSAID if possible; use acetaminophen for pain. If NSAID necessary, limit to 5-7 days maximum, use with PPI.",Curated Clinical References,Medium,#F39C12,Dexamethasone_Ibuprofen
6902,Methylprednisolone,7258,Naproxen,Medium,"Potent corticosteroid (4-5x prednisone) plus NSAID creates high GI risk. Commonly seen in rheumatologic disease flares where both may be used. Educate patient on warning signs: black stools (melena), coffee-ground emesis, severe abdominal pain. Seek immediate care if these occur.",Curated Clinical References,Medium,#F39C12,Methylprednisolone_Naproxen
5640,Ibuprofen,7258,Naproxen,Medium,"No additional anti-inflammatory benefit from combining NSAIDs. GI toxicity increases 2-3 fold. Renal toxicity also increased. Common error: patient taking OTC ibuprofen while on prescription naproxen, or vice versa. Educate patients: use only ONE NSAID at a time. Choose based on duration needed and dosing frequency.",Curated Clinical References,Medium,#F39C12,Ibuprofen_Naproxen
1191,Aspirin,5640,Ibuprofen,Low,"Ibuprofen competes with aspirin for COX-1 binding site on platelets. If ibuprofen taken before aspirin, may block aspirin antiplatelet effect. Clinical relevance debated but concerning for CV protection. Recommendation: take aspirin ≥2 hours before ibuprofen. Or use alternative analgesic (acetaminophen, naproxen).",Curated Clinical References,Low,#27AE60,Aspirin_Ibuprofen
1191,Aspirin,7258,Naproxen,Medium,"Both have antiplatelet effects but naproxen does not interfere with aspirin binding like ibuprofen. Still increases bleeding and GI risk without additional CV benefit. Generally avoid combination; if needed, use with PPI and monitor for bleeding.",Curated Clinical References,Medium,#F39C12,Aspirin_Naproxen
1191,Aspirin,6960,Meloxicam,Medium,Meloxicam is COX-2 selective but still increases bleeding risk when combined with aspirin. No CV benefit beyond aspirin alone. Additive GI toxicity. Reserve meloxicam for inflammatory conditions; use acetaminophen for simple pain.,Curated Clinical References,Medium,#F39C12,Aspirin_Meloxicam
5640,Ibuprofen,6960,Meloxicam,Medium,Combining non-selective NSAID with COX-2 selective NSAID provides no benefit. Increases GI and renal adverse effects. Common in patients self-medicating with OTC ibuprofen while on prescription meloxicam. Educate on NSAID category recognition.,Curated Clinical References,Medium,#F39C12,Ibuprofen_Meloxicam
7258,Naproxen,6960,Meloxicam,Medium,"Redundant NSAID therapy. Both have long half-lives (naproxen 12-17h, meloxicam 15-20h), increasing steady-state accumulation risk. Higher likelihood of renal dysfunction, edema, hypertension. Use single agent at appropriate dose rather than combining.",Curated Clinical References,Medium,#F39C12,Meloxicam_Naproxen
3355,Diclofenac,5640,Ibuprofen,Medium,"No rationale for combination. Diclofenac has highest CV risk among NSAIDs; adding ibuprofen increases this further. Avoid combination. If NSAID needed, choose one based on indication and patient risk factors.",Curated Clinical References,Medium,#F39C12,Diclofenac_Ibuprofen
2551,Ciprofloxacin,2122,Calcium Carbonate,Medium,"Divalent/trivalent cations (Ca2+, Mg2+, Fe3+, Al3+, Zn2+) chelate fluoroquinolones in GI tract, forming non-absorbable complexes. Reduces ciprofloxacin bioavailability 50-90%, causing treatment failure. Separate doses: take ciprofloxacin 2 hours BEFORE or 6 hours AFTER calcium supplement. Applies to: antacids, calcium supplements, multivitamins with minerals.",Curated Clinical References,Medium,#F39C12,Calcium Carbonate_Ciprofloxacin
82122,Levofloxacin,2122,Calcium Carbonate,Medium,"Same chelation mechanism as ciprofloxacin. Levofloxacin bioavailability reduced significantly. Critical for serious infections (pneumonia, UTI). Dose separation essential: 2 hours before or 6 hours after. Educate patients taking daily calcium for osteoporosis.",Curated Clinical References,Medium,#F39C12,Calcium Carbonate_Levofloxacin
2551,Ciprofloxacin,5640,Iron Sulfate,Medium,Iron forms particularly strong chelate with fluoroquinolones. Can reduce absorption >90%. Common in patients on iron for anemia. Must separate by at least 2 hours before or 6 hours after fluoroquinolone. Consider IV fluoroquinolone if serious infection and oral dosing too complex.,Curated Clinical References,Medium,#F39C12,Ciprofloxacin_Iron Sulfate
2551,Ciprofloxacin,6675,Magnesium Oxide,Medium,Magnesium supplement or magnesium-containing laxatives/antacids significantly impair fluoroquinolone absorption. Many OTC products contain magnesium; check labels. Separate dosing strictly. Alternative: use different antibiotic class not affected by cations.,Curated Clinical References,Medium,#F39C12,Ciprofloxacin_Magnesium Oxide
3640,Doxycycline,2122,Calcium Carbonate,Medium,"Tetracyclines form stable chelate complexes with polyvalent cations. Reduces doxycycline absorption by 50-90%. Classic teaching: ""don't take tetracyclines with milk/dairy"" (high calcium). Separate doses by 2-3 hours. Consider minocycline (less affected) if separation difficult.",Curated Clinical References,Medium,#F39C12,Calcium Carbonate_Doxycycline
3640,Doxycycline,5640,Iron Sulfate,Medium,"Iron-tetracycline chelation reduces absorption of both drugs. Problematic for patients needing long-term doxycycline (acne, rosacea) who are also iron deficient. Strict dose separation required. Monitor iron levels to ensure supplementation still effective.",Curated Clinical References,Medium,#F39C12,Doxycycline_Iron Sulfate
82122,Levofloxacin,5640,Iron Sulfate,Medium,"Similar to ciprofloxacin + iron. Separation critical. For elderly patients on multiple supplements, create dosing schedule: e.g., levofloxacin 8 AM, calcium + vitamin D noon, iron 6 PM. Ensure understanding to prevent treatment failure.",Curated Clinical References,Medium,#F39C12,Iron Sulfate_Levofloxacin
18631,Azithromycin,2122,Calcium Carbonate,Low,"Macrolides not significantly affected by cation chelation. No dose separation needed. Safe to take azithromycin with or without food, supplements. Good alternative when patient has complex supplement regimen.",Curated Clinical References,Low,#27AE60,Azithromycin_Calcium Carbonate
10582,Levothyroxine,2122,Calcium Carbonate,Medium,"Calcium binds levothyroxine in GI tract, reducing absorption by 20-40%. Can lead to hypothyroid symptoms or need for dose increase. Take levothyroxine on empty stomach (30-60 min before breakfast), calcium with food later in day. Separate by at least 4 hours. Check TSH 6-8 weeks after starting calcium.",Curated Clinical References,Medium,#F39C12,Calcium Carbonate_Levothyroxine
10582,Levothyroxine,5640,Iron Sulfate,Medium,"Iron forms complex with levothyroxine, reducing absorption by 40-50%. Especially problematic in pregnancy (high iron needs + increased levothyroxine requirements). Strict separation: levothyroxine upon waking, iron with lunch/dinner. Monitor TSH closely; may need levothyroxine dose increase.",Curated Clinical References,Medium,#F39C12,Iron Sulfate_Levothyroxine
10582,Levothyroxine,7646,Omeprazole,Low,"PPIs increase gastric pH, potentially reducing levothyroxine dissolution and absorption. Clinical significance controversial; some studies show effect, others don't. Monitor TSH 6-12 weeks after PPI initiation. If TSH rises, may need modest levothyroxine dose increase (12.5-25 mcg).",Curated Clinical References,Low,#27AE60,Levothyroxine_Omeprazole
10582,Levothyroxine,283742,Esomeprazole,Low,"Similar to omeprazole. Some patients may experience reduced levothyroxine absorption. More likely in elderly or those with atrophic gastritis. If TSH becomes elevated after starting PPI, consider: dose increase or taking levothyroxine at bedtime (4 hours after last meal/supplement).",Curated Clinical References,Low,#27AE60,Esomeprazole_Levothyroxine
10582,Levothyroxine,6675,Magnesium Oxide,Low,Limited interaction data. Theoretically may reduce absorption via chelation. Separate doses as precaution (4 hours). More important for patients on high magnesium doses or with borderline hypothyroidism where small changes matter.,Curated Clinical References,Low,#27AE60,Levothyroxine_Magnesium Oxide
77492,Tamsulosin,136411,Sildenafil,Medium,"Both cause vasodilation via different mechanisms. Tamsulosin: alpha-1 blockade in prostate and vasculature. Sildenafil: PDE5 inhibition increasing cGMP. Combined effect can cause symptomatic orthostatic hypotension, dizziness, syncope. Take PDE5 inhibitor ≥4 hours after alpha blocker. Start sildenafil at low dose (25mg). Check orthostatic BPs.",Curated Clinical References,Medium,#F39C12,Sildenafil_Tamsulosin
77492,Tamsulosin,349332,Tadalafil,Medium,"Similar to sildenafil interaction. Tadalafil has longer half-life (17.5 hours), creating more sustained interaction. For once-daily tadalafil (BPH indication), use lower dose (2.5-5mg). For as-needed use (ED), take ≥4 hours after tamsulosin, start 10mg max. Monitor for dizziness, falls.",Curated Clinical References,Medium,#F39C12,Tadalafil_Tamsulosin
36437,Sertraline,5640,Ibuprofen,Medium,"SSRIs inhibit serotonin reuptake into platelets, impairing platelet aggregation. NSAIDs inhibit COX-1, reducing protective gastric prostaglandins. Synergistic effect increases upper GI bleeding risk 6-fold. Risk factors: age >65, H. pylori, previous ulcer, smoking. Consider PPI prophylaxis, or use acetaminophen instead of NSAID.",Curated Clinical References,Medium,#F39C12,Ibuprofen_Sertraline
36437,Sertraline,1191,Aspirin,Medium,"Even low-dose aspirin (81mg) plus SSRI increases bleeding. Often both needed (depression + CV protection). Strongly recommend PPI. Monitor for: melena, hematemesis, anemia symptoms. Rare but serious: GI perforation.",Curated Clinical References,Medium,#F39C12,Aspirin_Sertraline
321988,Escitalopram,5640,Ibuprofen,Medium,"Escitalopram is potent SSRI with strong platelet serotonin depletion effect. Combined with NSAID, clinically significant bleeding risk. Alternatives: SNRI (if pain is indication - dual benefit), or acetaminophen for analgesia. If NSAID necessary, use PPI.",Curated Clinical References,Medium,#F39C12,Escitalopram_Ibuprofen
4493,Fluoxetine,7258,Naproxen,Medium,"Fluoxetine has long half-life; prolonged bleeding risk. Naproxen also has long half-life (12-17 hours). Both drugs present in system for extended periods, increasing sustained bleeding risk. Careful patient selection for combination; elderly at highest risk.",Curated Clinical References,Medium,#F39C12,Fluoxetine_Naproxen
2556,Citalopram,1191,Aspirin,Medium,"Common combination in older adults (depression + CV disease). PPI prophylaxis recommended, especially if additional risk factors. Some evidence suggests proton pump inhibitor reduces upper GI bleeding from 4% to <1% in this combination.",Curated Clinical References,Medium,#F39C12,Aspirin_Citalopram
32937,Paroxetine,5640,Ibuprofen,Medium,"Paroxetine has strong serotonergic effect and anticholinergic properties. Combined with NSAID, increases GI bleeding risk. Also consider: paroxetine anticholinergic effects may slow GI motility, potentially increasing ulcer risk. Use PPI if combination necessary.",Curated Clinical References,Medium,#F39C12,Ibuprofen_Paroxetine
72625,Duloxetine,5640,Ibuprofen,Medium,"SNRI (not pure SSRI) but still affects platelet serotonin. Duloxetine often used for chronic pain; NSAID may be redundant. Optimize duloxetine dose (60-120mg/day) before adding NSAID. If both needed, PPI protection advised.",Curated Clinical References,Medium,#F39C12,Duloxetine_Ibuprofen
435,Albuterol,6918,Metoprolol,Medium,"Beta-2 agonist antagonized by beta blocker. Metoprolol is ""cardioselective"" (beta-1 preferential) but not completely selective, especially at higher doses (>100mg/day). Can reduce albuterol bronchodilator efficacy. May precipitate bronchospasm in asthma. Use in COPD more acceptable than asthma. If beta blocker needed, metoprolol or bisoprolol preferred over non-selective agents.",Curated Clinical References,Medium,#F39C12,Albuterol_Metoprolol
435,Albuterol,1202,Atenolol,Medium,"Similar to metoprolol. Atenolol is beta-1 selective. Generally safe in COPD but use cautiously in asthma. If patient develops increased dyspnea or wheezing after beta blocker initiation, consider: dose reduction, switch to more selective agent, or discontinuation.",Curated Clinical References,Medium,#F39C12,Albuterol_Atenolol
435,Albuterol,20352,Carvedilol,High,"Carvedilol is NON-selective beta blocker (blocks both beta-1 and beta-2). Significantly antagonizes albuterol effect and can cause severe bronchospasm in reactive airway disease. Generally CONTRAINDICATED in asthma. If used in COPD with caution, start very low dose (3.125mg BID) and monitor closely. Consider alternative: ACE inhibitor or ARB instead.",Curated Clinical References,High,#E74C3C,Albuterol_Carvedilol
435,Albuterol,8787,Propranolol,High,"Propranolol is non-selective beta blocker. Absolutely contraindicated in asthma and generally avoided in COPD. Blocks beta-2 receptors in bronchi, causing bronchospasm. If patient on propranolol develops respiratory condition requiring bronchodilators, switch propranolol to cardioselective beta blocker or alternative antihypertensive class.",Curated Clinical References,High,#E74C3C,Albuterol_Propranolol
83367,Atorvastatin,18631,Azithromycin,Low,Minimal interaction. Azithromycin is weak CYP3A4 inhibitor; atorvastatin is CYP3A4 substrate. Short azithromycin course (3-5 days) unlikely to significantly increase statin levels. Monitor for muscle pain but routine dose adjustment unnecessary. Safe combination for most patients.,Curated Clinical References,Low,#27AE60,Atorvastatin_Azithromycin
36567,Simvastatin,18631,Azithromycin,Medium,"Simvastatin more sensitive to CYP3A4 inhibition than atorvastatin. During azithromycin course, consider: temporarily holding simvastatin, reducing dose, or monitoring closely for myopathy symptoms (muscle pain, weakness, dark urine). Risk higher with simvastatin >40mg/day.",Curated Clinical References,Medium,#F39C12,Azithromycin_Simvastatin
83367,Atorvastatin,17767,Amlodipine,Low,"Amlodipine mildly inhibits CYP3A4. May increase atorvastatin levels ~20%, but clinical significance minimal. FDA allows combination without dose limit. Monitor lipids and liver enzymes routinely. Generally very safe, commonly used together for CV risk reduction.",Curated Clinical References,Low,#27AE60,Amlodipine_Atorvastatin
36567,Simvastatin,17767,Amlodipine,Medium,Simvastatin more affected than atorvastatin. FDA recommends limiting simvastatin to 20mg/day when combined with amlodipine due to increased myopathy risk. Alternative: switch to atorvastatin or rosuvastatin (not metabolized by CYP3A4) to avoid dose limitation.,Curated Clinical References,Medium,#F39C12,Amlodipine_Simvastatin
